1751048,281275040
1751067,281275041
18125030,281275043
18125048,283275040
20125004,211275040
20125005,211275044
20125006,283275040
20125007,283275044
20125009,283275042
20125010,283275049
20125011,211275040
20125012,123456789
20125014,221275040
20125015,123456789
20125017,123456789
20125019,123456789
20125021,124456781
20125023,124456782
20125025,124456783
20125027,124456711
20125029,173656788
20125031,173656789
20125032,241276021
20125033,221275024
20125034,221275034
20125038,221276021
20125039,221275022
20125040,221275023
20125046,123456789
20125048,221275024
20125052,123456789
20125054,123456789
20125058,221275025
20125059,221276021
20125060,221266021
20125067,221256021
20125068,221276021
20125069,221275021
20125081,123456789
20125090,123456789
20125101,123456789
20125102,123456789
20125106,123456789
20125111,222276021
20125117,223276021
20125124,221276021
20125126,221275021
20125127,221275041
20125129,221275040
a,a
